sim_time,total_reward,avg_queue
1287.3,-181.25,12.69767441860465
1287.3,-181.25,12.69767441860465
